season,home_team,away_team,starting_min,home_0,home_1,home_2,home_3,home_4,away_0,away_1,away_2,away_3,away_4,missing_position,predicted_player
2007,12,1,18,220,233,570,718,0,28,360,576,866,886,home_4,Troy Murphy
2007,11,7,16,104,0,560,651,967,80,335,374,463,540,home_1,Chuck Hayes
2007,30,28,39,91,0,126,692,951,115,424,452,547,1033,home_1,Brent Barry
2007,18,1,21,0,583,813,833,972,15,123,257,792,866,home_0,Craig Smith
2007,15,14,19,178,382,722,860,0,52,598,615,648,908,home_4,Stromile Swift
2007,17,6,8,51,124,0,711,733,36,300,333,621,627,home_2,Charlie Bell
2007,16,10,11,69,0,439,458,993,56,461,691,718,734,home_1,Dwyane Wade
2007,6,29,37,0,333,621,876,1036,187,348,516,586,899,home_0,Anderson Varejao
2007,10,34,35,13,56,85,0,734,72,229,454,712,848,home_3,Mickael Pietrus
2007,8,32,10,44,141,505,825,0,160,510,532,534,736,home_4,Yakhouba Diawara
2007,15,25,17,204,0,382,420,608,138,231,372,389,568,home_1,Damon Stoudamire
2007,33,11,9,130,0,263,453,695,283,596,808,925,967,home_1,Carlos Boozer
2007,33,34,12,256,263,453,695,0,59,291,340,364,454,home_4,Paul Millsap
2007,28,29,5,0,508,688,890,1033,108,586,703,716,899,home_0,Ime Udoka
2007,16,14,37,69,306,358,439,0,528,698,855,877,1006,home_4,Michael Doleac
2007,25,32,26,138,0,372,960,973,65,510,532,818,933,home_1,Dwight Howard
2007,16,23,20,32,0,306,358,993,151,317,426,800,921,home_1,Antoine Walker
2007,23,30,23,240,659,677,741,0,118,126,708,951,962,home_4,Quentin Richardson
2007,23,25,37,317,448,677,0,921,231,304,407,592,973,home_3,Renaldo Balkman
2007,8,13,42,44,0,505,825,1027,186,196,215,440,955,home_1,J.R. Smith
2007,8,29,32,0,141,409,631,668,108,586,703,716,899,home_0,Allen Iverson
2007,14,8,14,528,0,855,877,1006,30,309,668,825,1027,home_1,Maurice Evans
2007,23,26,41,151,317,448,800,0,43,44,607,874,1022,home_4,Stephon Marbury
2007,10,26,22,56,85,461,0,718,44,588,607,844,874,home_3,Matt Barnes
2007,28,8,41,452,547,614,0,1033,141,318,668,922,1027,home_3,Martell Webster
2007,9,26,11,35,156,0,830,940,101,505,638,874,1022,home_2,Chris Webber
2007,6,15,40,0,244,300,333,627,120,204,212,625,722,home_0,Damon Jones
2007,34,25,30,37,0,142,255,364,304,372,389,429,960,home_1,Antawn Jamison
2007,11,14,45,177,283,515,0,967,528,698,855,877,1006,home_3,Luther Head
2007,9,32,35,0,156,817,830,940,47,65,160,534,736,home_0,Antonio McDyess
2007,29,27,34,516,703,716,0,899,34,105,809,902,924,home_3,Ronnie Price
2007,33,31,18,264,369,0,701,791,174,207,311,512,816,home_2,Matt Harpring
2007,34,23,24,0,117,142,255,364,240,426,448,800,921,home_0,Antawn Jamison
2007,15,16,7,178,204,382,420,0,69,295,306,465,993,home_4,Mike Miller
2007,4,26,12,86,90,163,0,990,43,588,607,874,1022,home_3,Luol Deng
2007,18,21,17,195,681,813,815,0,245,274,445,664,675,home_4,Trenton Hassell
2007,11,29,30,177,0,808,895,967,578,586,703,716,899,home_1,Juwan Howard
2007,16,12,13,0,306,358,439,707,471,654,768,820,903,home_0,Antoine Walker
2007,17,8,25,51,0,154,733,858,141,318,631,747,922,home_1,Charlie Bell
2007,28,18,39,424,547,0,688,890,195,681,684,813,833,home_2,LaMarcus Aldridge
2007,6,32,28,36,621,627,876,0,160,532,736,818,933,home_4,Zydrunas Ilgauskas
2007,4,6,31,86,163,650,657,0,294,300,333,621,627,home_4,P.J. Brown
2007,14,34,25,598,605,648,0,1006,59,117,142,255,364,home_3,Ronny Turiaf
2007,16,13,30,32,358,458,465,0,166,186,325,805,900,home_4,Udonis Haslem
2007,25,19,43,98,0,407,781,968,70,180,315,536,676,home_1,Carlos Arroyo
2007,33,15,45,49,139,0,695,701,25,178,204,722,788,home_2,Deron Williams
2007,10,26,43,56,0,691,714,718,101,505,588,638,844,home_1,Baron Davis
2007,8,18,29,0,141,318,747,922,195,557,813,833,972,home_0,Allen Iverson
2007,14,23,0,52,0,615,908,1006,317,426,490,800,921,home_1,Kobe Bryant
2007,23,16,13,240,426,448,741,0,306,458,465,707,993,home_4,Stephon Marbury
2007,23,12,8,151,0,800,921,923,425,471,486,685,920,home_1,Eddy Curry
2007,17,21,9,0,652,711,733,858,100,169,245,272,992,home_0,Chucky Atkins
2007,32,12,12,47,0,160,534,818,233,471,486,685,718,home_1,Anthony Parker
2007,17,34,5,51,124,0,711,733,59,72,142,255,364,home_2,Charlie Bell
2007,10,3,30,13,85,0,734,920,8,326,362,473,702,home_2,Mickael Pietrus
2007,23,14,42,240,317,426,0,921,121,528,698,855,1006,home_3,Jared Jeffries
2007,8,33,37,30,309,0,825,1027,256,263,453,695,791,home_2,Linas Kleiza
2007,1,3,26,792,866,0,947,1009,119,326,362,421,823,home_2,Sebastian Telfair
2007,8,6,19,409,0,747,922,1027,216,300,621,627,1036,home_1,Marcus Camby
2007,29,8,46,108,0,516,586,703,30,141,631,668,922,home_1,Francisco Garcia
2007,34,7,25,59,142,255,340,0,276,286,335,463,540,home_4,Gilbert Arenas
2007,30,29,37,126,345,418,0,708,348,516,558,586,854,home_3,Manu Ginobili
2007,27,7,43,34,628,809,902,0,273,286,463,494,540,home_4,Steve Nash
2007,34,9,41,72,0,340,364,454,73,140,156,173,632,home_1,Caron Butler
2007,4,19,43,0,163,595,657,945,70,106,387,536,676,home_0,Ben Gordon
2007,9,23,24,0,156,830,852,940,317,426,800,921,923,home_0,Antonio McDyess
2007,17,15,39,153,154,214,0,922,120,212,382,860,936,home_3,David Noel
2007,11,30,44,0,515,596,925,997,91,345,418,692,702,home_0,Jake Tsakalidis
2007,27,4,34,0,435,628,809,902,86,90,163,595,650,home_0,Amar'e Stoudemire
2007,13,15,43,186,325,805,0,955,178,204,382,625,722,home_3,Sam Cassell
2007,13,7,30,196,325,805,871,0,63,286,335,463,494,home_4,Shaun Livingston
2007,33,6,11,263,0,695,701,791,36,294,333,627,876,home_1,Gordan Giricek
2007,4,15,10,86,595,650,0,1002,178,204,382,625,722,home_3,Mike Sweetney
2007,10,33,21,13,85,691,734,0,139,263,264,695,701,home_4,Stephen Jackson
2007,14,10,39,598,615,855,877,0,13,56,85,734,920,home_4,Vladimir Radmanovic
2007,8,0,19,44,141,0,318,631,504,544,635,870,989,home_2,Earl Boykins
2007,23,27,14,240,317,426,0,828,105,435,551,628,809,home_3,Nate Robinson
2007,23,32,11,151,448,741,828,0,47,160,510,547,933,home_4,Steve Francis
2007,0,33,16,504,0,870,905,913,139,264,369,695,701,home_1,Josh Childress
2007,17,29,24,51,0,711,733,858,516,578,586,716,899,home_1,Charlie Villanueva
2007,1,0,41,257,360,576,0,866,504,537,689,905,1034,home_3,Rajon Rondo
2007,0,17,36,537,0,870,905,989,51,153,338,711,922,home_1,Lorenzen Wright
2007,12,13,22,0,425,486,718,981,166,186,196,325,900,home_0,Danny Granger
2007,4,19,34,50,0,163,595,774,106,459,728,831,1003,home_1,Ben Gordon
2007,6,12,13,36,294,0,627,897,233,396,471,718,768,home_2,Eric Snow
2007,1,6,21,15,0,576,810,866,36,333,876,897,1036,home_1,Gerald Green
2007,23,1,14,0,448,659,741,921,123,257,360,629,810,home_0,David Lee
2007,28,25,13,424,0,614,890,970,138,231,304,389,592,home_1,Juan Dixon
2007,16,29,30,69,316,439,465,0,108,586,703,716,899,home_4,Shaquille O'Neal
2007,14,27,13,121,0,615,877,1006,105,435,604,628,667,home_1,Jordan Farmar
2007,4,15,21,86,163,595,0,725,178,625,722,788,860,home_3,Luol Deng
2007,18,13,40,107,195,583,813,0,325,805,871,900,955,home_4,Ricky Davis
2007,10,18,35,0,85,461,714,920,195,583,813,815,833,home_0,Andris Biedrins
2007,26,9,18,19,43,44,0,1022,140,205,817,852,1017,home_3,Samuel Dalembert
2007,4,3,16,50,86,595,0,990,18,326,473,823,1010,home_3,P.J. Brown
2007,10,15,28,56,461,0,734,920,382,552,788,860,936,home_2,Matt Barnes
2007,4,28,11,12,90,0,650,945,349,398,424,890,970,home_2,Chris Duhon
2007,18,8,44,195,583,0,815,833,141,409,668,747,922,home_2,Randy Foye
2007,33,32,13,263,264,453,0,791,47,349,532,534,736,home_3,Matt Harpring
2007,10,0,40,13,56,691,875,0,504,537,544,689,1034,home_4,Stephen Jackson
2008,4,20,15,4,163,498,945,0,100,392,445,865,992,home_4,Tyrus Thomas
2008,14,23,28,0,598,605,615,855,240,426,677,800,1033,home_0,Derek Fisher
2008,17,15,25,51,0,711,733,1030,212,231,722,788,860,home_1,Desmond Mason
2008,8,11,17,30,141,318,409,0,136,642,808,925,967,home_4,Kenyon Martin
2008,27,8,40,0,105,667,902,924,30,61,318,631,747,home_0,Amar'e Stoudemire
2008,28,29,23,115,0,688,922,970,91,108,348,586,905,home_1,LaMarcus Aldridge
2008,33,14,16,0,130,264,457,791,52,528,598,615,877,home_0,Andrei Kirilenko
2008,8,17,18,30,178,318,631,0,51,711,733,857,1030,home_4,Nene Hilario
2008,6,26,18,36,0,621,627,876,607,638,825,874,946,home_1,Drew Gooden
2008,32,12,39,140,458,0,534,602,220,425,486,718,981,home_2,Jorge Garbajosa
2008,9,7,38,0,454,460,830,846,111,335,463,540,972,home_0,Antonio McDyess
2008,10,30,44,56,85,714,0,920,126,661,708,951,962,home_3,Monta Ellis
2008,28,6,39,435,508,890,0,970,211,216,274,627,1036,home_3,Steve Blake
2008,34,16,15,37,59,229,0,753,295,306,506,833,993,home_3,DeShawn Stevenson
2008,26,9,41,0,638,874,946,1022,73,79,156,817,830,home_0,Andre Miller
2008,4,33,25,300,498,595,621,0,49,139,264,701,853,home_4,Luol Deng
2008,23,19,21,317,349,0,741,1033,456,459,536,831,1003,home_2,Jamal Crawford
2008,7,29,35,111,0,494,540,657,91,516,586,728,915,home_1,Jason Kidd
2008,1,23,22,439,629,792,810,0,349,426,659,741,800,home_4,Ray Allen
2008,9,18,23,454,460,0,846,947,15,596,813,815,866,home_2,Lindsey Hunter
2008,28,29,17,115,452,0,890,970,348,516,578,586,703,home_2,LaMarcus Aldridge
2008,23,20,41,426,0,659,812,1024,245,445,721,865,992,home_1,Jared Jeffries
2008,34,7,0,59,72,117,142,0,276,286,316,335,540,home_4,DeShawn Stevenson
2008,16,7,9,101,203,465,0,833,286,335,459,463,540,home_3,Joel Anthony
2008,8,19,15,30,0,409,581,1027,233,459,536,657,1003,home_1,Eduardo Najera
2008,29,14,37,0,516,728,802,905,399,528,615,855,877,home_0,Anthony Johnson
2008,26,23,21,43,44,462,874,0,240,349,426,800,1033,home_4,Willie Green
2008,0,34,17,14,537,0,689,870,37,72,117,142,229,home_2,Josh Smith
2008,28,11,0,115,508,614,0,922,177,651,808,895,1028,home_3,Martell Webster
2008,6,3,15,36,211,216,0,627,447,473,693,744,823,home_3,Devin Brown
2008,34,23,23,72,117,142,255,0,317,349,426,800,1033,home_4,Oleksiy Pecherov
2008,27,32,5,34,105,0,628,924,47,65,160,428,534,home_2,Grant Hill
2008,27,10,17,34,0,628,809,898,13,80,571,714,734,home_1,Boris Diaw
2008,33,34,21,130,139,264,607,0,37,59,117,255,753,home_4,Paul Millsap
2008,30,0,46,126,661,840,951,0,14,504,537,689,716,home_4,Tony Parker
2008,15,14,40,382,717,722,788,0,528,598,605,855,973,home_4,Rudy Gay
2008,16,17,38,96,203,0,565,917,272,711,712,733,1030,home_2,Joel Anthony
2008,4,1,0,86,90,505,0,650,576,583,792,810,821,home_3,Kirk Hinrich
2008,32,11,6,65,140,0,818,933,177,895,923,967,1028,home_2,Chris Bosh
2008,29,14,7,0,108,516,586,703,263,598,615,648,788,home_0,Beno Udrih
2008,18,4,12,69,360,707,0,886,4,163,945,990,1002,home_3,Randy Foye
2008,12,17,41,220,471,564,0,852,102,153,712,733,857,home_3,Mike Dunleavy
2008,11,3,16,100,642,720,925,0,309,326,362,447,693,home_4,Yao Ming
2008,6,26,8,0,300,621,627,897,43,44,462,607,825,home_0,Anderson Varejao
2008,16,15,34,170,203,308,0,833,145,382,456,608,717,home_3,Mark Blount
2008,15,30,25,212,231,0,722,860,126,418,692,708,951,home_2,Juan Carlos Navarro
2008,27,8,9,0,124,628,902,924,30,631,668,747,1027,home_0,Boris Diaw
2008,16,4,9,306,0,680,833,993,86,90,163,505,650,home_1,Jason Williams
2008,18,28,17,15,69,684,0,866,435,452,614,890,970,home_3,Rashad McCants
2008,16,17,18,170,0,308,645,993,51,153,711,712,733,home_1,Daequan Cook
2008,29,13,13,108,0,516,802,915,16,119,325,751,908,home_1,Francisco Garcia
2008,10,34,10,13,56,0,734,920,59,229,255,287,753,home_2,Baron Davis
2008,17,26,33,51,272,0,733,1030,44,607,825,874,1022,home_2,Michael Redd
2008,30,29,14,126,418,604,661,0,348,516,703,802,915,home_4,Michael Finley
2008,30,29,31,0,604,661,951,962,63,108,586,703,728,home_0,Ime Udoka
2008,10,25,16,56,571,691,0,920,9,407,429,698,816,home_3,Monta Ellis
2008,18,16,21,15,0,684,866,886,25,170,306,833,993,home_1,Corey Brewer
2008,7,8,20,111,286,0,494,540,30,61,141,581,668,home_2,Jason Terry
2008,32,26,45,47,0,140,458,933,43,44,607,825,1022,home_1,Anthony Parker
2008,18,15,40,15,195,596,684,0,456,546,608,722,860,home_4,Rashad McCants
2008,6,0,39,36,216,274,0,1036,14,504,537,689,905,home_3,Sasha Pavlovic
2008,27,19,23,34,105,200,809,0,70,459,536,831,1003,home_4,Steve Nash
2008,15,28,15,382,546,0,788,860,435,452,508,890,970,home_2,Kyle Lowry
2008,9,16,42,0,454,817,830,846,25,295,306,308,833,home_0,Antonio McDyess
2008,32,19,16,47,140,458,534,0,106,676,930,972,1003,home_4,Rasho Nesterovic
2008,25,14,40,304,389,0,592,816,528,598,615,648,855,home_2,Keith Bogans
2008,29,7,0,91,108,0,516,728,276,286,316,335,540,home_2,Francisco Garcia
2008,10,28,18,13,85,0,734,920,435,452,508,688,970,home_2,Kelenna Azubuike
2008,30,33,25,0,345,708,951,962,49,139,701,853,854,home_0,Bruce Bowen
2008,32,23,17,47,140,160,0,534,240,349,426,448,800,home_3,Jason Kapono
2008,25,17,13,9,0,389,407,781,102,153,154,214,733,home_1,Carlos Arroyo
2008,15,8,16,145,231,382,608,0,30,318,409,581,1027,home_4,Mike Miller
2008,12,17,24,220,471,718,0,981,102,214,272,711,733,home_3,Travis Diener
2008,16,19,13,25,0,645,680,833,70,106,456,676,831,home_1,Chris Quinn
2008,9,3,25,0,156,817,830,940,326,461,473,744,823,home_0,Antonio McDyess
2008,28,10,6,115,508,614,688,0,13,571,714,734,920,home_4,Steve Blake
2008,0,23,13,504,537,0,870,1034,240,349,426,448,1033,home_2,Josh Smith
2008,13,12,22,16,166,186,213,0,220,425,564,903,981,home_4,Tim Thomas
2008,1,32,16,123,0,629,821,959,47,65,140,547,818,home_1,Eddie House
2008,33,14,11,49,0,613,695,853,168,528,598,648,1006,home_1,Jason Hart
2008,30,20,46,0,398,418,484,692,392,445,548,702,819,home_0,Bruce Bowen
2008,14,0,21,263,0,615,788,1006,504,537,544,716,1034,home_1,Kobe Bryant
2008,13,20,37,16,119,0,196,832,100,169,245,675,992,home_2,Chris Kaman
2008,10,7,36,56,85,571,691,0,111,276,286,494,972,home_4,Monta Ellis
2008,30,12,40,0,398,418,692,708,220,471,718,852,919,home_0,Fabricio Oberto
2008,16,4,37,465,506,0,833,917,4,50,86,163,945,home_2,Kasib Powell
2008,0,23,46,14,504,537,544,0,240,349,426,800,1033,home_4,Mike Bibby
2008,12,23,19,45,220,239,0,981,349,426,741,812,1033,home_3,Mike Dunleavy
2008,28,1,8,115,508,614,688,0,583,792,810,821,878,home_4,Steve Blake
2008,7,10,21,286,316,335,459,0,13,56,85,571,734,home_4,Josh Howard
2008,9,14,13,0,156,454,460,817,528,598,605,855,877,home_0,Arron Afflalo
2008,28,18,0,115,508,614,688,0,15,185,195,866,886,home_4,Steve Blake
2008,4,17,12,0,86,163,498,945,102,214,733,857,1030,home_0,Andres Nocioni
2008,9,28,20,35,79,454,0,846,452,614,688,922,970,home_3,Rasheed Wallace
2008,11,18,26,283,642,808,895,0,15,596,684,813,866,home_4,Tracy McGrady
2008,18,13,10,15,185,0,815,866,16,213,542,805,955,home_2,Marko Jaric
2008,33,18,25,49,0,264,701,854,15,185,684,813,866,home_1,Carlos Boozer
2008,29,15,42,91,108,348,516,0,546,717,722,788,860,home_4,Mikki Moore
2008,18,14,46,185,195,360,0,813,182,281,528,648,855,home_3,Michael Doleac
2008,15,31,0,212,722,0,860,930,174,207,311,472,582,home_2,Pau Gasol
2009,0,19,45,0,679,698,852,911,125,276,592,864,1003,home_0,Acie Law
2009,15,20,39,0,382,663,684,805,274,439,548,819,882,home_0,Greg Buckner
2009,14,17,41,0,528,542,877,973,214,500,639,811,989,home_0,Chris Mihm
2009,32,19,17,47,428,0,486,1021,125,454,592,864,1003,home_2,Jason Kapono
2009,8,25,25,156,204,409,581,0,192,304,389,429,816,home_4,Nene Hilario
2009,33,13,18,0,119,139,607,791,85,166,330,349,668,home_0,Andrei Kirilenko
2009,25,0,24,407,429,665,0,960,679,716,771,852,911,home_3,Rashard Lewis
2009,9,23,40,0,79,460,846,940,13,67,240,800,955,home_0,Amir Johnson
2009,10,20,42,13,56,0,571,920,169,245,439,793,992,home_2,Corey Maggette
2009,4,17,35,50,86,498,595,0,153,639,657,711,989,home_4,Tyrus Thomas
2009,0,34,17,7,689,0,716,1034,59,142,255,340,753,home_2,Maurice Evans
2009,16,12,35,0,306,506,902,1027,116,452,471,685,981,home_0,Chris Quinn
2009,6,33,37,36,257,627,733,0,119,599,607,735,791,home_4,Zydrunas Ilgauskas
2009,7,24,46,286,405,0,459,540,311,472,611,746,863,home_2,James Singleton
2009,26,4,15,43,638,687,825,0,108,269,498,516,595,home_4,Royal Ivey
2009,4,27,15,50,86,0,595,990,34,105,368,628,637,home_2,Joakim Noah
2009,4,0,16,4,0,269,595,945,504,698,716,852,1034,home_1,Andres Nocioni
2009,32,11,20,65,160,0,510,1021,2,118,136,703,1028,home_2,Jake Voskuhl
2009,14,33,25,52,263,598,0,788,130,264,701,791,853,home_3,Luke Walton
2009,14,23,24,263,0,598,615,648,163,240,800,955,1024,home_1,Josh Powell
2009,34,4,9,59,142,229,0,721,108,269,516,595,955,home_3,Dominic McGuire
2009,17,33,42,51,639,0,711,831,49,264,607,695,791,home_2,Luke Ridnour
2009,28,16,43,151,376,495,890,0,203,506,667,680,900,home_4,Travis Outlaw
2009,7,11,10,111,335,0,463,540,177,608,642,895,1007,home_2,Jason Kidd
2009,9,16,46,30,73,817,0,940,306,678,705,902,993,home_3,Rodney Stuckey
2009,12,9,35,0,452,471,933,981,460,817,830,940,1018,home_0,Brandon Rush
2009,4,32,19,0,269,498,516,955,65,160,458,534,902,home_0,Ben Gordon
2009,30,25,28,661,0,708,951,962,192,304,389,429,816,home_1,Matt Bonner
2009,16,29,43,203,295,0,667,900,99,292,464,802,905,home_2,Joel Anthony
2009,0,9,36,14,504,0,698,852,30,73,817,830,846,home_2,Josh Smith
2009,25,14,0,304,0,429,568,816,52,263,598,648,788,home_1,Hedo Turkoglu
2009,23,0,29,13,0,240,448,800,504,544,716,852,1034,home_1,Chris Duhon
2009,25,34,25,304,389,429,0,816,59,142,255,340,547,home_3,Mickael Pietrus
2009,27,16,10,105,372,628,637,0,306,678,705,902,993,home_4,Raja Bell
2009,7,19,19,111,273,0,405,459,276,454,536,592,1003,home_2,Dirk Nowitzki
2009,11,10,13,2,136,642,895,0,64,186,426,836,855,home_4,Von Wafer
2009,18,13,43,120,0,813,844,886,246,457,677,789,925,home_1,Mark Madsen
2009,10,24,26,0,571,734,855,920,472,582,611,746,863,home_0,Jamal Crawford
2009,6,12,30,36,257,627,0,1036,220,471,685,933,981,home_3,Mo Williams
2009,17,19,19,154,639,0,811,831,102,125,592,1003,1030,home_2,Michael Redd
2009,1,19,35,365,576,810,821,0,102,162,276,454,536,home_4,Tony Allen
2009,8,29,7,141,156,0,581,747,50,100,348,396,464,home_2,Dahntay Jones
2009,8,24,41,61,141,409,0,747,201,472,611,746,900,home_3,Linas Kleiza
2009,15,11,31,374,382,608,663,0,642,808,895,1007,1028,home_4,Quinton Ross
2009,4,17,23,0,595,650,945,990,214,639,646,711,831,home_0,Drew Gooden
2009,30,26,22,661,708,0,951,962,43,44,687,946,1022,home_2,Roger Mason
2009,16,32,35,170,203,306,506,0,47,65,458,534,602,home_4,Shawn Marion
2009,7,13,10,0,335,405,463,540,124,330,668,677,925,home_0,Dirk Nowitzki
2009,12,17,31,471,685,0,818,933,154,639,646,811,831,home_2,Mike Dunleavy
2009,16,26,46,306,678,705,0,1027,564,638,687,825,857,home_3,Udonis Haslem
2009,28,0,36,151,614,859,890,0,544,698,716,852,1034,home_4,Travis Outlaw
2009,0,7,36,504,544,716,0,1034,111,286,405,440,463,home_3,Ronald Murray
2009,25,7,16,63,0,714,816,960,70,111,286,405,463,home_1,Courtney Lee
2009,10,34,22,0,64,186,426,571,37,59,142,721,753,home_0,Andris Biedrins
2009,14,33,41,0,615,648,788,877,49,139,264,607,853,home_0,Jordan Farmar
2009,8,32,14,0,156,158,409,631,47,428,458,602,850,home_0,Anthony Carter
2009,15,8,39,382,608,0,762,805,61,158,409,631,747,home_2,Marc Gasol
2009,18,32,34,120,722,0,866,886,47,65,428,458,510,home_2,Randy Foye
2009,1,26,19,576,583,792,810,0,43,638,687,874,946,home_4,Ray Allen
2009,12,3,21,220,471,718,0,981,105,254,362,809,884,home_3,T.J. Ford
2009,9,29,45,30,35,0,846,940,99,100,108,516,586,home_2,Arron Afflalo
2009,13,27,29,124,0,349,668,677,34,372,461,898,924,home_1,Eric Gordon
2009,7,27,20,111,440,459,463,0,372,461,628,898,924,home_4,Josh Howard
2009,27,29,25,372,461,691,0,924,50,91,348,464,915,home_3,Shaquille O'Neal
2009,18,17,39,120,0,722,813,844,51,639,646,711,831,home_1,Kevin Love
2009,23,18,11,0,240,448,741,955,15,195,813,815,886,home_0,Chris Duhon
2009,29,7,42,348,464,0,586,915,111,273,286,459,463,home_2,John Salmons
2009,10,32,24,131,426,666,0,920,65,160,428,458,534,home_3,Ronny Turiaf
2009,33,9,35,49,119,599,853,0,30,605,817,846,940,home_4,Ronnie Price
2009,26,25,42,43,44,0,874,946,63,304,389,714,816,home_2,Elton Brand
2009,7,10,27,70,286,0,459,540,426,571,734,855,920,home_2,Erick Dampier
2009,18,17,20,15,722,0,866,886,153,214,646,711,831,home_2,Randy Foye
2009,10,33,21,56,0,131,186,571,139,264,607,701,853,home_1,Anthony Morrow
2009,17,28,39,154,214,0,646,831,508,614,859,890,970,home_2,Keith Bogans
2009,0,18,18,14,504,679,698,0,99,120,195,813,844,home_4,Ronald Murray
2009,34,30,29,59,142,229,0,721,604,708,848,951,962,home_3,Dominic McGuire
2009,4,18,40,50,498,621,632,0,15,585,722,813,886,home_4,Thabo Sefolosha
2009,33,3,21,119,599,607,701,0,144,560,744,823,897,home_4,Ronnie Brewer
2009,25,11,13,0,304,407,714,960,2,118,136,177,703,home_0,Anthony Johnson
2009,24,23,32,174,272,472,582,0,13,163,240,741,955,home_4,Russell Westbrook
2009,24,28,5,311,472,582,611,0,115,376,614,754,890,home_4,Nick Collison
2009,24,11,0,472,582,0,842,863,642,808,967,1007,1028,home_2,Nick Collison
2009,33,24,16,264,607,613,0,701,174,178,311,472,746,home_3,Matt Harpring
2009,13,10,13,330,349,668,833,0,56,131,186,426,920,home_4,Steve Novak
2009,26,17,34,44,638,874,0,1022,153,154,214,639,646,home_3,Thaddeus Young
2009,30,33,7,126,359,0,708,951,130,599,701,853,854,home_2,Matt Bonner
2009,16,33,35,0,428,651,705,993,119,139,607,791,853,home_0,Dwyane Wade
2009,6,20,18,36,0,216,627,733,72,245,392,439,819,home_1,Ben Wallace
2009,32,1,46,47,160,428,458,0,365,583,792,810,821,home_4,Roko Ukic
2009,27,26,13,20,368,447,0,898,43,638,687,825,857,home_3,Matt Barnes
2009,29,18,16,91,108,516,586,0,195,588,722,815,866,home_4,Mikki Moore
2009,0,13,10,0,689,698,852,1034,246,330,349,668,833,home_0,Al Horford
2009,25,27,36,0,389,665,714,816,368,461,628,637,691,home_0,Anthony Johnson
2009,8,23,36,61,141,158,0,631,174,240,448,741,1024,home_3,J.R. Smith
2009,12,34,33,220,0,919,933,968,59,142,413,466,753,home_1,Rasho Nesterovic
2009,13,18,10,124,330,677,0,925,195,585,722,844,886,home_3,Ricky Davis
2009,25,27,43,192,304,0,808,816,372,461,628,898,924,home_2,Hedo Turkoglu
2009,16,32,32,0,306,678,902,993,47,65,160,486,534,home_0,Daequan Cook
2009,27,28,9,34,105,691,0,884,115,376,859,922,970,home_3,Shaquille O'Neal
2009,0,25,42,14,0,544,689,716,192,304,389,429,816,home_1,Joe Johnson
2010,10,33,33,68,131,164,273,0,49,130,139,264,1015,home_4,Monta Ellis
2010,1,3,20,576,0,792,810,821,105,197,919,920,947,home_1,Kevin Garnett
2010,14,15,46,281,528,598,615,0,663,717,762,860,1033,home_4,Metta World Peace
2010,15,8,35,425,663,762,860,0,61,141,158,409,581,home_4,Zach Randolph
2010,16,26,41,295,306,486,0,993,325,458,462,499,638,home_3,Mario Chalmers
2010,27,15,21,34,151,372,461,0,663,717,860,872,1033,home_4,Steve Nash
2010,11,16,45,2,0,642,895,973,306,486,800,808,993,home_1,David Andersen
2010,17,8,9,51,0,382,499,639,141,156,158,409,581,home_1,Brandon Jennings
2010,12,1,43,116,204,220,0,856,576,583,792,810,821,home_3,Earl Watson
2010,33,17,20,49,139,264,791,0,113,140,153,214,338,home_4,Wesley Matthews
2010,27,14,31,34,372,447,0,924,52,263,598,703,788,home_3,Lou Amundson
2010,24,11,42,0,582,863,888,945,136,155,238,608,895,home_0,Jeff Green
2010,7,10,0,286,318,459,0,902,56,186,734,855,918,home_3,Jason Terry
2010,12,18,28,311,541,651,0,856,15,185,207,524,585,home_3,Mike Dunleavy
2010,0,14,47,0,474,679,698,1034,8,281,528,542,897,home_0,Jason Collins
2010,13,18,13,16,195,246,0,886,120,743,811,876,1012,home_3,Eric Gordon
2010,4,19,15,171,382,0,595,852,162,536,592,944,1030,home_2,Joakim Noah
2010,32,25,37,47,70,0,389,452,63,111,304,407,429,home_2,Chris Bosh
2010,27,11,42,34,0,368,447,628,2,608,642,895,973,home_1,Channing Frye
2010,8,17,8,141,156,158,0,747,338,494,516,604,646,home_3,J.R. Smith
2010,8,14,15,141,158,409,0,982,281,528,615,703,897,home_3,Nene Hilario
2010,33,30,10,130,139,0,791,1015,73,359,661,848,951,home_2,Deron Williams
2010,11,32,30,0,177,238,586,895,47,249,452,818,912,home_0,Aaron Brooks
2010,11,27,0,2,177,642,895,0,34,151,372,461,924,home_4,Trevor Ariza
2010,15,27,25,663,717,762,860,0,34,372,628,843,924,home_4,Zach Randolph
2010,32,3,42,47,0,160,452,912,105,197,362,852,920,home_1,Antoine Wright
2010,13,29,29,124,166,330,819,0,91,136,464,767,988,home_4,Steve Blake
2010,26,1,43,462,545,687,946,0,315,630,685,817,905,home_4,Willie Green
2010,11,10,35,2,136,177,0,973,131,273,734,855,918,home_3,Shane Battier
2010,26,28,34,43,0,545,874,1022,44,469,495,614,859,home_1,Elton Brand
2010,6,32,11,36,257,467,627,0,35,47,70,249,534,home_4,Zydrunas Ilgauskas
2010,18,29,19,15,185,231,0,876,50,136,292,464,988,home_3,Jonny Flynn
2010,7,30,35,0,405,459,463,602,73,568,692,831,848,home_0,Drew Gooden
2010,29,28,20,0,91,136,883,988,44,115,614,668,754,home_0,Andres Nocioni
2010,26,11,36,30,325,458,0,1022,2,136,238,608,973,home_3,Thaddeus Young
2010,29,27,43,91,519,767,883,0,34,368,447,843,924,home_4,Sergio Rodriguez
2010,13,4,37,16,195,0,833,886,269,434,445,498,990,home_2,Marcus Camby
2010,12,3,22,116,204,856,933,0,197,362,919,920,992,home_4,Troy Murphy
2010,9,20,37,81,154,0,521,846,169,229,439,674,793,home_2,Jason Maxiell
2010,18,8,44,0,207,585,811,866,79,141,156,158,409,home_0,Al Jefferson
2010,13,34,8,85,166,0,668,819,59,117,142,364,753,home_2,Eric Gordon
2010,13,12,24,16,85,166,0,668,204,220,856,933,981,home_3,Eric Gordon
2010,33,18,40,0,701,791,853,1015,15,185,207,524,585,home_0,Deron Williams
2010,15,34,13,386,0,762,872,1033,37,59,287,309,753,home_1,Jamaal Tinsley
2010,24,15,0,0,582,750,863,945,386,717,762,860,1033,home_0,Jeff Green
2010,15,30,34,386,425,762,860,0,359,395,661,951,962,home_4,Zach Randolph
2010,8,32,23,141,156,581,0,982,47,70,160,452,534,home_3,Nene Hilario
2010,23,18,8,13,163,448,741,0,585,811,867,876,1012,home_4,Wilson Chandler
2010,0,4,13,426,474,505,0,1034,108,516,595,650,935,home_3,Maurice Evans
2010,29,11,46,0,91,464,915,988,2,177,642,895,973,home_0,Andres Nocioni
2010,18,3,38,0,207,811,866,1012,197,362,852,920,992,home_0,Al Jefferson
2010,13,19,42,166,195,819,0,886,125,162,192,276,1030,home_3,Ricky Davis
2010,9,34,20,86,460,521,830,0,16,37,413,722,813,home_4,Will Bynum
2010,8,10,25,79,510,581,747,0,66,186,734,855,918,home_4,Ty Lawson
2010,33,8,8,0,139,264,791,853,61,409,510,581,747,home_0,Andrei Kirilenko
2010,26,3,0,43,325,638,0,946,105,362,823,920,992,home_3,Rodney Carney
2010,24,10,28,472,0,746,863,945,68,186,734,855,918,home_1,Kevin Durant
2010,24,18,0,472,0,746,863,945,15,185,524,866,867,home_1,Kevin Durant
2010,0,14,15,426,474,0,698,1034,281,528,598,703,897,home_2,Joe Smith
2010,18,20,16,15,585,811,866,0,169,245,392,439,674,home_4,Wayne Ellington
2010,24,15,13,331,0,433,888,945,234,384,676,860,872,home_1,Etan Thomas
2010,17,34,23,113,140,338,0,604,16,37,440,722,813,home_3,John Salmons
2010,28,24,39,44,495,560,614,0,331,433,472,888,945,home_4,Martell Webster
2010,25,27,23,407,0,665,714,864,372,453,461,637,924,home_1,Jameer Nelson
2010,4,3,12,108,0,382,852,935,362,621,823,990,992,home_1,Derrick Rose
2010,4,13,46,274,434,0,935,990,85,166,330,668,819,home_2,Jannero Pargo
2010,26,18,35,0,325,638,946,1022,207,585,811,867,1012,home_0,Andre Iguodala
2010,34,6,24,59,117,0,364,722,65,216,232,428,733,home_2,Caron Butler
2010,29,18,30,292,464,0,915,988,15,185,524,585,876,home_2,Omri Casspi
2010,10,8,45,64,68,734,0,918,141,156,158,409,747,home_3,Ronny Turiaf
2010,32,4,41,0,47,389,452,912,382,445,498,595,852,home_0,Amir Johnson
2010,32,29,10,35,47,0,534,912,50,464,586,915,988,home_2,Antoine Wright
2010,28,25,8,44,469,614,0,922,304,429,691,816,1003,home_3,Martell Webster
2010,17,27,0,0,113,140,516,639,34,372,453,461,924,home_0,Andrew Bogut
2010,27,29,29,34,372,0,843,924,136,287,292,464,988,home_2,Jason Richardson
2010,8,32,9,141,156,0,581,747,35,534,666,818,912,home_2,J.R. Smith
2010,1,3,11,365,685,0,817,959,265,362,823,919,990,home_2,Nate Robinson
2010,8,0,20,61,141,409,581,0,14,504,544,689,716,home_4,Nene Hilario
2010,17,4,9,51,113,0,639,711,108,516,595,650,990,home_2,Ersan Ilyasova
2010,0,11,25,0,504,544,689,716,2,177,642,895,973,home_0,Al Horford
2010,29,20,19,91,464,519,0,988,229,235,245,548,674,home_3,Sergio Rodriguez
2010,25,14,13,0,465,665,714,816,52,528,615,703,897,home_0,J.J. Redick
2010,30,19,7,248,0,661,951,962,125,162,192,592,1030,home_1,Keith Bogans
2010,24,30,6,582,0,863,888,945,359,568,661,692,951,home_1,Nick Collison
2010,8,13,40,79,0,409,581,982,16,85,195,819,925,home_1,Chris Andersen
2010,6,7,21,257,0,428,627,733,286,405,463,602,902,home_1,J.J. Hickson
2010,12,15,23,116,311,0,651,856,386,717,762,860,1033,home_2,Josh McRoberts
2010,18,10,13,15,0,811,876,1012,56,64,131,734,1006,home_1,Oleksiy Pecherov
2010,30,4,18,248,831,0,951,962,108,269,516,650,990,home_2,Roger Mason
2010,8,30,23,79,141,156,510,0,359,661,708,831,951,home_4,Nene Hilario
2010,14,19,37,8,528,615,788,0,102,125,192,276,944,home_4,Shannon Brown
2010,23,29,32,13,163,218,240,0,50,292,464,586,988,home_4,Wilson Chandler
2010,15,20,15,252,0,676,860,872,4,169,235,439,548,home_1,Hasheem Thabeet
2010,33,23,26,0,139,264,701,1015,13,218,240,958,967,home_0,C.J. Miles
2010,25,26,19,304,407,429,691,0,43,325,687,844,1022,home_4,Ryan Anderson
2010,12,14,20,116,311,718,856,0,263,598,615,703,788,home_4,Troy Murphy
2010,27,13,41,151,0,372,447,843,85,195,300,819,922,home_1,Goran Dragic
2010,14,19,19,263,0,615,703,788,162,276,536,944,972,home_1,Kobe Bryant
2010,23,34,38,218,308,391,890,0,16,309,413,440,722,home_4,Toney Douglas
2010,1,10,37,0,685,810,817,905,64,734,809,918,1006,home_0,Eddie House
2011,24,23,9,331,0,582,750,888,391,855,903,958,1024,home_1,James Harden
2011,25,27,40,0,665,714,816,864,308,310,382,447,537,home_0,Chris Duhon
2011,28,3,19,44,614,0,754,1015,105,197,287,361,605,home_2,Marcus Camby
2011,18,26,34,68,0,646,757,1012,343,499,545,915,946,home_1,Lazar Hayward
2011,34,32,0,16,37,0,413,595,47,249,452,825,912,home_2,Gilbert Arenas
2011,18,9,43,0,231,585,646,1014,154,460,830,846,967,home_0,Corey Brewer
2011,1,26,8,583,741,792,821,0,43,325,499,545,960,home_4,Shaquille O'Neal
2011,1,7,8,365,583,0,810,821,255,405,459,902,992,home_2,Paul Pierce
2011,34,25,18,16,0,595,974,1030,310,364,429,461,657,home_1,John Wall
2011,8,11,38,61,0,355,409,982,192,402,586,608,642,home_1,Chris Andersen
2011,8,28,24,79,156,0,409,747,44,222,614,754,1015,home_2,Chris Andersen
2011,12,20,14,116,0,439,911,933,238,452,462,666,674,home_1,Danny Granger
2011,30,14,45,248,661,831,0,962,263,598,615,703,788,home_3,Tim Duncan
2011,23,27,36,391,618,823,0,1024,368,372,447,665,924,home_3,Shawne Williams
2011,7,13,37,0,793,847,902,992,97,195,330,733,813,home_0,DeShawn Stevenson
2011,16,4,13,160,435,0,722,1036,131,650,766,853,935,home_2,Mike Bibby
2011,24,1,44,433,582,746,863,0,365,583,792,810,821,home_4,Serge Ibaka
2011,32,24,29,35,47,0,534,912,433,472,746,750,863,home_2,DeMar DeRozan
2011,26,6,19,0,325,343,638,946,36,65,406,510,733,home_0,Andres Nocioni
2011,23,26,0,34,0,618,823,956,43,325,499,545,915,home_1,Danilo Gallinari
2011,23,34,32,34,823,855,0,1024,37,517,589,753,816,home_3,Toney Douglas
2011,25,0,34,163,304,407,0,864,14,426,456,544,716,home_3,Rashard Lewis
2011,4,26,25,139,269,568,0,650,43,325,499,545,915,home_3,Kurt Thomas
2011,24,12,12,184,203,331,433,0,204,471,616,790,984,home_4,Serge Ibaka
2011,33,7,18,15,49,264,0,791,142,405,459,902,992,home_3,Earl Watson
2011,17,10,18,0,516,519,592,639,110,827,844,918,1006,home_0,Brandon Jennings
2011,32,3,9,47,249,434,0,825,105,197,361,920,990,home_3,Jerryd Bayless
2011,25,28,9,111,0,389,429,461,44,115,362,614,859,home_1,Earl Clark
2011,10,8,23,0,468,734,844,918,13,79,141,158,982,home_0,Dorell Wright
2011,15,33,23,379,663,762,860,0,15,264,370,791,809,home_4,Zach Randolph
2011,15,12,21,663,717,0,959,1033,220,235,471,790,984,home_2,Sam Young
2011,14,11,21,263,275,0,615,788,2,155,192,642,786,home_2,Kobe Bryant
2011,24,11,43,433,472,0,863,945,192,530,586,608,895,home_2,Kevin Durant
2011,18,16,10,0,585,646,688,1014,435,560,627,716,1036,home_0,Darko Milicic
2011,28,20,30,44,0,614,754,1015,169,245,452,973,1022,home_1,Dante Cunningham
2011,10,27,21,56,0,240,295,734,151,372,843,924,1003,home_1,Brandan Wright
2011,4,1,46,139,269,604,607,0,257,472,746,876,981,home_4,Luol Deng
2011,23,17,5,34,141,156,0,903,51,113,140,516,639,home_3,Landry Fields
2011,27,34,47,310,353,368,447,0,144,392,517,753,974,home_4,Josh Childress
2011,25,17,32,304,0,429,461,864,51,162,592,623,639,home_1,J.J. Redick
2011,14,8,13,52,615,0,897,922,13,218,409,823,956,home_2,Matt Barnes
2011,17,13,14,51,140,516,592,0,17,97,121,328,813,home_4,Luc Mbah a Moute
2011,8,32,39,13,158,355,0,956,47,495,628,825,912,home_3,J.R. Smith
2011,26,30,11,229,0,545,638,946,248,357,359,692,831,home_1,Evan Turner
2011,12,29,36,0,116,220,471,541,292,464,674,874,988,home_0,A.J. Price
2011,32,26,11,35,312,495,548,0,325,343,545,638,946,home_4,Sonny Weems
2011,10,30,11,56,0,734,844,918,357,359,661,692,951,home_1,Dorell Wright
2011,6,3,15,0,216,510,811,867,197,201,287,605,693,home_0,Antawn Jamison
2011,23,4,36,823,855,903,958,0,139,269,650,853,935,home_4,Wilson Chandler
2011,32,34,17,47,0,434,534,825,413,527,698,772,1030,home_1,DeMar DeRozan
2011,33,20,41,0,130,264,311,347,169,245,326,674,1022,home_0,Al Jefferson
2011,10,27,12,56,240,0,827,844,308,368,382,389,461,home_2,Monta Ellis
2011,9,16,41,375,0,846,940,967,160,306,435,627,722,home_1,Richard Hamilton
2011,18,30,7,185,231,585,0,1014,73,357,359,950,962,home_3,Luke Ridnour
2011,33,29,40,15,130,0,347,854,91,250,341,348,464,home_2,Earl Watson
2011,18,6,6,185,231,0,886,1014,36,65,467,629,733,home_2,Kevin Love
2011,4,1,13,131,607,650,0,935,486,644,685,741,792,home_3,Omer Asik
2011,12,4,35,1,0,471,790,984,131,650,766,853,935,home_1,Dahntay Jones
2011,14,1,19,52,0,598,703,788,365,792,810,821,898,home_1,Derek Fisher
2011,24,10,19,203,576,582,863,0,16,240,320,827,918,home_4,Serge Ibaka
2011,8,27,19,13,79,409,0,982,151,382,537,924,1003,home_3,Nene Hilario
2011,9,15,0,0,375,846,940,967,663,717,860,872,1033,home_0,Chris Wilcox
2011,0,17,37,426,474,527,542,0,186,309,338,519,592,home_4,Marvin Williams
2011,23,28,31,618,823,855,0,1024,115,345,614,754,1015,home_3,Toney Douglas
2011,7,18,17,286,0,405,463,793,66,68,524,688,1012,home_1,Ian Mahinmi
2011,12,19,40,1,0,541,718,911,89,268,512,805,919,home_1,Danny Granger
2011,34,1,44,0,517,527,772,1030,138,365,472,486,1007,home_0,JaVale McGee
2011,8,24,37,13,141,409,0,982,331,433,472,750,888,home_3,Kenyon Martin
2011,28,33,29,0,614,668,754,1015,15,130,264,791,809,home_0,Andre Miller
2011,0,7,34,14,0,504,527,698,117,255,459,463,902,home_1,Jamal Crawford
2011,7,27,0,142,255,286,0,992,151,372,461,843,924,home_3,Jason Kidd
2011,15,0,31,0,717,762,860,872,14,426,504,542,689,home_0,Darrell Arthur
2011,33,10,14,0,130,311,480,613,7,153,214,295,1006,home_0,Andrei Kirilenko
2011,6,32,8,36,0,176,216,811,35,249,312,534,628,home_1,Antawn Jamison
2011,30,23,17,0,248,357,831,962,34,218,618,823,1024,home_0,Antonio McDyess
2011,11,13,36,0,155,608,642,786,17,246,328,396,813,home_0,Aaron Brooks
2011,24,10,18,472,582,857,0,888,153,240,295,482,918,home_3,Russell Westbrook
2011,11,25,6,155,177,0,608,642,111,304,389,429,461,home_2,Kevin Martin
2011,14,12,23,0,598,615,703,788,116,220,235,541,856,home_0,Derek Fisher
2011,33,23,17,0,130,264,311,701,34,391,618,823,1024,home_0,Andrei Kirilenko
2011,12,28,26,220,235,0,718,856,44,508,614,754,1015,home_2,Josh McRoberts
2011,6,12,9,59,0,428,629,811,116,541,718,856,933,home_1,Daniel Gibson
2011,6,12,28,59,176,406,0,811,220,235,718,856,984,home_3,Manny Harris
2011,16,26,11,0,435,506,560,627,43,50,325,545,687,home_0,Dwyane Wade
2011,18,34,20,185,0,585,646,688,517,595,753,816,1030,home_1,Darko Milicic
2011,32,17,25,35,47,249,534,0,51,162,186,338,592,home_4,Sonny Weems
2011,15,19,24,384,0,860,959,1033,125,528,877,919,981,home_1,Mike Conley
2011,15,1,42,379,663,860,0,1033,583,792,810,821,898,home_3,Tony Allen
2011,24,6,7,0,582,863,888,945,36,216,406,467,733,home_0,Jeff Green
2011,17,20,19,51,113,0,516,639,169,245,462,666,1022,home_2,Corey Maggette
2011,30,27,0,248,661,0,951,962,151,372,447,843,924,home_2,Richard Jefferson
2011,8,33,10,0,141,409,702,982,15,264,370,791,809,home_0,Al Harrington
2011,9,33,46,81,86,375,846,0,15,49,276,791,809,home_4,Will Bynum
2011,30,13,35,73,359,0,950,962,17,97,819,866,1023,home_2,Richard Jefferson
2011,11,20,11,0,177,530,586,608,169,281,462,674,1022,home_0,Chase Budinger
2011,24,15,39,0,433,472,750,888,234,379,663,872,1025,home_0,Eric Maynor
2011,0,34,35,426,527,542,698,0,31,392,517,589,753,home_4,Zaza Pachulia
2011,8,13,35,13,0,156,409,702,195,246,330,819,866,home_1,Carmelo Anthony
2011,15,18,16,234,717,762,860,0,185,585,705,886,1012,home_4,Zach Randolph
2011,24,7,9,433,582,750,863,0,142,459,463,902,992,home_4,Serge Ibaka
2012,26,9,23,43,325,545,638,0,114,375,460,940,1018,home_4,Thaddeus Young
2012,23,28,18,0,141,482,618,992,362,604,614,643,823,home_0,Amar'e Stoudemire
2012,28,24,37,195,604,754,0,1015,203,433,744,750,826,home_3,Raymond Felton
2012,14,10,29,598,703,788,0,981,116,152,240,295,485,home_3,Ramon Sessions
2012,8,16,32,13,0,218,956,982,160,627,678,895,993,home_1,Arron Afflalo
2012,27,14,42,151,372,447,0,924,458,598,788,922,981,home_3,Marcin Gortat
2012,27,6,36,151,382,0,711,854,31,59,216,811,887,home_2,Jared Dudley
2012,8,10,21,0,79,218,577,982,152,240,295,597,715,home_0,Andre Miller
2012,7,28,0,117,286,459,902,0,362,614,668,823,1015,home_4,Vince Carter
2012,16,27,0,160,0,306,627,678,151,372,447,665,924,home_1,Dexter Pittman
2012,27,29,22,151,372,447,0,924,250,292,516,674,988,home_3,Marcin Gortat
2012,17,28,42,91,0,320,623,718,406,614,754,823,1015,home_1,Brandon Jennings
2012,25,12,15,163,0,365,407,864,1,204,637,790,984,home_1,Earl Clark
2012,1,23,26,0,583,792,810,821,34,141,482,618,992,home_0,Brandon Bass
2012,32,34,4,249,424,434,0,534,413,444,517,753,816,home_3,Jerryd Bayless
2012,34,3,31,0,172,444,517,589,95,129,197,265,361,home_0,Andray Blatche
2012,34,24,43,0,444,517,527,753,433,576,582,863,888,home_0,JaVale McGee
2012,23,1,12,141,397,0,448,716,83,583,685,810,876,home_2,J.R. Smith
2012,1,27,12,111,0,583,685,714,151,447,665,897,924,home_1,E'Twaun Moore
2012,17,28,18,0,300,338,718,734,406,426,643,754,760,home_0,Brandon Jennings
2012,16,32,32,160,306,0,627,678,249,312,355,424,534,home_2,Joel Anthony
2012,6,12,25,59,216,612,767,0,204,235,245,790,856,home_4,Semih Erden
2012,34,23,21,172,0,517,753,974,397,482,618,925,992,home_1,Jan Vesely
2012,4,9,3,139,0,498,650,853,86,114,375,460,940,home_1,Derrick Rose
2012,16,0,0,0,306,506,627,678,14,474,504,544,689,home_0,Chris Bosh
2012,13,27,18,142,246,328,0,753,151,711,843,854,886,home_3,Kenyon Martin
2012,30,33,35,357,566,661,0,950,15,252,268,276,370,home_3,Matt Bonner
2012,0,23,21,0,504,544,595,689,141,397,409,618,925,home_0,Jeff Teague
2012,0,17,43,403,445,0,967,1006,113,140,300,639,900,home_2,Jerry Stackhouse
2012,34,32,11,37,753,816,0,974,35,47,61,434,819,home_3,Shelvin Mack
2012,17,19,17,91,113,0,639,718,64,76,255,362,512,home_2,Drew Gooden
2012,28,8,24,362,614,668,0,1015,79,218,747,956,982,home_3,Raymond Felton
2012,27,20,47,151,0,665,897,924,379,381,452,462,666,home_1,Jared Dudley
2012,15,20,20,538,663,717,0,860,166,202,326,452,666,home_3,Quincy Pondexter
2012,26,8,25,43,325,499,545,0,44,79,218,747,982,home_4,Nikola Vucevic
2012,13,29,17,97,0,581,753,813,292,388,496,944,970,home_1,Eric Bledsoe
2012,32,8,45,35,0,249,534,631,13,44,79,982,1024,home_1,Andrea Bargnani
2012,24,1,20,0,576,582,857,863,83,378,714,792,821,home_0,James Harden
2012,32,10,25,4,35,249,0,534,240,287,295,320,734,home_3,James Johnson
2012,29,23,0,0,250,516,674,988,141,539,618,958,992,home_0,Chuck Hayes
2012,10,26,6,240,295,0,597,605,43,325,499,545,915,home_2,Ish Smith
2012,12,25,34,1,220,0,637,984,163,304,310,407,800,home_2,Lance Stephenson
2012,32,9,0,4,0,249,434,534,114,375,460,846,940,home_1,Amir Johnson
2012,23,34,37,409,539,618,0,925,144,172,444,517,848,home_3,Mike Bibby
2012,1,24,40,111,714,0,810,821,203,433,582,750,863,home_2,Paul Pierce
2012,4,17,6,0,269,498,607,853,113,140,338,623,900,home_0,Carlos Boozer
2012,6,23,20,36,59,0,612,767,141,397,448,618,992,home_2,Anthony Parker
2012,32,1,37,18,0,89,312,631,83,378,583,714,876,home_1,Amir Johnson
2012,23,4,47,34,141,397,618,0,139,269,497,498,607,home_4,Tyson Chandler
2012,17,34,41,51,91,113,140,0,172,413,517,527,816,home_4,Jon Leuer
2012,16,1,43,0,306,627,761,993,111,583,592,810,821,home_0,Chris Bosh
2012,9,26,25,90,114,375,0,940,194,343,499,624,915,home_3,Rodney Stuckey
2012,4,20,0,139,269,0,650,830,166,379,381,666,973,home_2,Joakim Noah
2012,16,17,37,160,722,761,0,993,91,300,639,900,920,home_3,Shane Battier
2012,30,0,9,0,566,831,950,962,403,474,504,544,967,home_0,DeJuan Blair
2012,26,25,34,43,499,0,638,946,163,304,365,407,800,home_2,Lavoy Allen
2012,11,8,23,192,368,586,642,0,44,185,577,599,982,home_4,Patrick Patterson
2012,10,25,7,0,116,240,734,741,304,365,389,429,461,home_0,Andris Biedrins
2012,24,13,19,0,576,582,863,888,97,169,246,733,813,home_0,James Harden
2012,18,15,19,68,405,705,0,1012,663,687,717,860,959,home_3,Nikola Pekovic
2012,33,7,34,130,268,311,0,809,286,395,459,463,615,home_3,Paul Millsap
2012,13,33,37,0,102,328,581,753,21,252,268,311,327,home_0,Blake Griffin
2012,27,19,37,0,683,711,843,886,255,264,528,602,701,home_0,Jared Dudley
2012,32,1,39,4,18,312,0,631,83,111,583,714,876,home_3,Justin Dentmon
2012,23,34,31,0,141,409,618,992,172,440,517,527,589,home_0,Baron Davis
2012,12,19,0,220,235,0,790,856,64,264,602,903,905,home_2,David West
2012,23,6,40,141,397,409,0,992,65,630,648,767,873,home_3,Steve Novak
2012,23,3,39,0,618,828,958,992,105,129,265,574,693,home_0,Carmelo Anthony
2012,7,14,13,110,286,463,0,847,52,541,691,703,811,home_3,Lamar Odom
2012,23,20,13,34,397,0,482,925,17,452,911,973,1025,home_2,Jared Jeffries
2012,13,28,12,0,142,733,813,866,362,426,604,754,823,home_0,Brian Cook
2012,32,19,34,0,312,434,534,628,264,528,602,903,905,home_0,DeMar DeRozan
2012,16,26,31,160,0,678,855,895,43,325,343,638,946,home_1,LeBron James
2012,13,34,45,97,169,246,733,0,413,517,527,753,974,home_4,Randy Foye
2012,24,9,5,433,576,582,863,0,90,114,375,846,940,home_4,Serge Ibaka
2012,32,12,23,0,249,355,434,534,220,235,790,856,984,home_0,Andrea Bargnani
2012,32,23,13,35,0,355,534,631,85,397,409,539,925,home_1,DeMar DeRozan
2012,26,16,9,43,499,624,638,0,506,627,678,895,993,home_4,Thaddeus Young
2012,25,32,39,0,304,365,389,407,61,249,312,424,628,home_0,Chris Duhon
2012,15,28,18,222,0,543,762,804,195,386,426,760,1015,home_1,Hamed Haddadi
2012,4,3,25,131,139,650,766,0,129,197,361,574,990,home_4,Richard Hamilton
2012,0,4,0,474,504,0,595,1034,131,139,498,650,853,home_2,Josh Smith
2012,29,11,23,250,401,464,944,0,155,192,368,642,874,home_4,Tyreke Evans
2012,12,19,35,0,616,637,790,984,64,512,528,602,932,home_0,Danny Granger
2012,10,15,24,0,295,320,734,918,663,717,762,860,959,home_0,David Lee
2012,12,19,25,220,235,245,0,856,255,264,602,662,905,home_3,Paul George
2012,24,13,40,263,0,582,750,863,97,328,581,733,813,home_1,James Harden
2012,26,3,38,343,499,545,0,946,188,265,318,361,693,home_3,Lavoy Allen
2012,10,7,16,0,287,320,597,918,286,395,847,902,1003,home_0,Brandon Rush
2012,12,26,23,220,245,359,790,0,43,343,545,915,946,home_4,Roy Hibbert
2012,6,23,31,36,59,0,612,767,34,141,618,958,992,home_2,Anthony Parker
2012,16,32,16,160,306,722,0,993,35,312,495,628,631,home_3,Norris Cole
2012,6,3,4,36,59,65,0,767,129,186,197,201,361,home_3,Kyrie Irving
2012,29,23,21,250,464,516,0,988,141,391,539,618,958,home_3,Marcus Thornton
2012,33,27,43,15,268,0,370,791,447,665,683,897,924,home_2,Devin Harris
2012,10,23,28,116,240,295,0,734,34,141,618,958,992,home_3,Kwame Brown
2012,24,1,44,203,0,582,863,888,83,583,714,792,821,home_1,James Harden
2012,34,26,37,144,444,589,848,0,43,499,638,946,960,home_4,Shelvin Mack
2012,4,15,28,139,0,498,650,853,483,538,663,804,860,home_1,Derrick Rose
2012,24,13,11,263,433,582,0,750,97,328,581,733,753,home_3,Nazr Mohammed
2013,10,14,31,51,240,452,0,918,59,304,499,598,924,home_3,Klay Thompson
2013,8,14,40,44,0,577,982,1024,59,304,499,598,922,home_1,JaVale McGee
2013,11,10,42,150,433,482,672,0,51,136,452,579,831,home_4,Omer Asik
2013,7,24,45,110,286,721,0,1003,576,582,586,863,888,home_3,O.J. Mayo
2013,13,6,34,97,0,426,691,867,31,36,216,612,987,home_1,Eric Bledsoe
2013,23,10,47,141,397,409,823,0,299,346,452,597,918,home_4,Tyson Chandler
2013,16,28,20,160,306,506,0,678,206,614,643,754,1015,home_3,LeBron James
2013,24,32,43,331,0,481,795,826,4,249,287,312,943,home_1,Hasheem Thabeet
2013,11,15,24,348,377,433,482,0,663,717,940,959,1033,home_4,Omer Asik
2013,34,32,33,109,326,444,517,0,35,249,522,608,618,home_4,Martell Webster
2013,15,8,20,663,717,860,959,0,43,218,577,599,982,home_4,Zach Randolph
2013,30,13,33,105,357,661,951,0,97,169,246,426,691,home_4,Tony Parker
2013,33,28,9,15,268,311,0,813,206,448,704,754,1015,home_3,Marvin Williams
2013,10,30,25,240,346,385,597,0,190,221,248,692,950,home_4,Stephen Curry
2013,33,24,20,15,252,0,791,813,576,582,586,863,888,home_2,Earl Watson
2013,29,14,19,250,516,674,0,988,228,304,598,703,788,home_3,Thomas Robinson
2013,26,14,7,295,343,461,0,946,163,304,499,598,703,home_3,Kwame Brown
2013,2,25,37,37,0,494,504,825,79,307,365,381,541,home_1,C.J. Watson
2013,30,8,26,221,248,0,951,962,43,218,577,599,982,home_2,Stephen Jackson
2013,15,27,34,234,663,717,0,1012,368,447,642,665,705,home_3,Rudy Gay
2013,14,3,37,228,499,598,0,788,86,129,361,574,709,home_3,Metta World Peace
2013,25,3,32,0,307,407,429,758,117,382,574,709,811,home_0,Arron Afflalo
2013,8,30,11,43,66,185,0,413,190,248,357,692,787,home_3,Evan Fournier
2013,0,2,17,14,474,607,638,0,37,131,494,504,731,home_4,Zaza Pachulia
2013,24,9,14,331,0,750,795,826,41,521,610,846,1018,home_1,Kevin Martin
2013,27,29,47,0,447,642,665,897,2,250,434,464,496,home_0,Goran Dragic
2013,24,15,47,247,0,386,586,795,165,234,495,520,964,home_1,Eric Maynor
2013,27,15,44,0,642,665,776,897,495,663,717,860,1033,home_0,Goran Dragic
2013,7,20,10,204,0,325,847,1003,82,122,462,617,864,home_1,Dirk Nowitzki
2013,6,34,27,31,36,284,0,978,1,109,326,444,973,home_3,Kyrie Irving
2013,17,10,25,0,338,623,639,734,240,346,385,597,918,home_0,Brandon Jennings
2013,1,25,11,192,456,463,0,628,54,253,307,402,541,home_3,Jeff Green
2013,1,11,41,83,0,583,792,810,140,150,377,433,958,home_1,Brandon Bass
2013,7,2,25,166,286,419,721,0,125,264,362,504,825,home_4,O.J. Mayo
2013,15,3,21,663,717,940,959,0,95,361,541,574,709,home_4,Zach Randolph
2013,8,24,10,43,44,185,413,0,586,750,826,863,945,home_4,Wilson Chandler
2013,9,0,0,375,460,534,610,0,14,255,474,544,607,home_4,Rodney Stuckey
2013,16,13,25,306,627,0,895,993,97,142,156,169,246,home_2,Mario Chalmers
2013,25,1,22,79,307,365,0,407,111,174,463,792,810,home_3,Gustavo Ayon
2013,30,8,42,221,566,950,951,0,43,44,185,413,577,home_4,Tony Parker
2013,34,0,33,109,326,517,0,688,276,403,544,638,1034,home_3,Kevin Seraphin
2013,1,27,35,192,0,456,463,472,368,642,665,776,897,home_1,Jared Sullinger
2013,0,2,47,14,276,474,0,1034,37,125,131,264,504,home_3,Kyle Korver
2013,4,2,45,139,498,650,0,686,37,264,362,504,825,home_3,Marco Belinelli
2013,26,20,25,343,461,545,0,946,17,62,330,848,864,home_3,Lavoy Allen
2013,8,9,10,43,44,185,599,0,114,375,521,610,846,home_4,Wilson Chandler
2013,1,7,0,111,463,583,792,0,166,204,263,762,902,home_4,Rajon Rondo
2013,28,13,15,614,704,754,854,0,372,426,615,691,855,home_4,Will Barton
2013,1,34,19,83,111,174,0,792,354,517,589,747,973,home_3,Jeff Green
2013,27,7,8,368,0,665,705,776,235,325,762,902,1003,home_1,Jared Dudley
2013,29,16,41,0,401,434,464,988,506,722,761,816,821,home_0,Chuck Hayes
2013,33,8,10,0,268,370,689,733,43,44,185,577,599,home_0,Al Jefferson
2013,28,14,35,206,0,704,754,876,59,163,304,499,530,home_1,LaMarcus Aldridge
2013,16,9,25,160,306,627,678,0,375,460,534,610,846,home_4,Udonis Haslem
2013,18,28,42,26,222,0,757,835,206,406,643,754,1015,home_2,J.J. Barea
2013,30,12,34,248,661,692,0,962,359,360,395,790,984,home_3,Stephen Jackson
2013,26,2,33,207,343,545,624,0,125,264,362,568,825,home_4,Spencer Hawes
2013,32,25,16,35,249,515,0,943,79,407,429,541,758,home_3,Linas Kleiza
2013,23,33,34,409,459,668,777,0,21,327,370,425,689,home_4,Steve Novak
2013,9,6,0,114,375,0,610,846,31,284,612,978,987,home_2,Jason Maxiell
2013,23,27,12,409,604,817,0,925,447,642,665,776,886,home_3,Raymond Felton
2013,24,30,7,331,576,582,0,888,105,357,920,951,962,home_3,Russell Westbrook
2013,34,8,0,109,326,0,688,747,43,218,577,599,982,home_2,John Wall
2013,23,2,19,0,409,459,823,992,125,264,362,504,568,home_0,Carmelo Anthony
2013,23,25,21,141,397,581,777,0,79,91,609,699,957,home_4,Raymond Felton
2013,10,15,12,56,136,452,831,0,663,687,717,804,1012,home_4,Stephen Curry
2013,17,10,10,91,0,623,639,734,56,136,299,452,831,home_1,Ekpe Udoh
2013,7,11,46,0,721,762,902,1003,140,150,433,782,949,home_0,Dirk Nowitzki
2013,29,23,16,2,250,348,0,496,161,409,668,777,925,home_3,James Johnson
2013,33,9,19,0,327,370,480,689,154,375,610,846,1018,home_0,Alec Burks
2013,7,18,19,166,235,325,0,1003,26,49,637,646,757,home_3,O.J. Mayo
2013,10,15,25,240,346,385,597,0,663,717,860,959,1033,home_4,Stephen Curry
2013,16,18,0,0,306,627,678,993,26,49,585,646,757,home_0,Chris Bosh
2013,25,34,24,253,296,307,699,0,326,354,517,688,973,home_4,Tobias Harris
2013,33,18,35,15,21,0,689,813,26,49,222,378,405,home_2,Derrick Favors
2013,14,8,34,59,163,0,598,703,43,44,185,529,956,home_2,Dwight Howard
2013,4,6,0,139,498,595,650,0,31,284,900,978,987,home_4,Richard Hamilton
2013,8,25,43,43,0,218,577,982,79,407,429,541,758,home_1,Andre Miller
2013,12,23,41,197,469,769,872,0,34,161,397,777,925,home_4,Tyler Hansbrough
2013,25,32,32,0,79,402,407,758,18,35,249,312,534,home_0,Andrew Nicholson
2013,18,23,30,26,270,646,757,0,34,141,409,823,992,home_4,Ricky Rubio
2013,1,3,25,83,111,0,472,792,95,361,541,574,709,home_2,Courtney Lee
2013,7,1,8,110,721,762,0,1003,83,111,192,472,792,home_3,Shawn Marion
2013,6,32,13,130,284,648,687,0,18,47,515,618,860,home_4,Wayne Ellington
2013,26,14,37,207,295,0,915,946,59,228,304,499,598,home_2,Nick Young
2013,15,8,39,495,687,804,0,1033,44,185,218,529,577,home_3,Rudy Gay
2013,9,16,25,114,375,0,610,940,160,627,678,722,993,home_2,Jason Maxiell
2013,33,20,40,21,268,311,0,791,122,379,843,864,1025,home_3,Marvin Williams
2013,27,14,33,368,0,705,776,897,304,598,703,788,924,home_1,Marcin Gortat
2013,7,1,46,110,0,286,762,1003,83,192,472,583,792,home_1,Darren Collison
2013,12,28,15,197,0,395,872,984,507,643,704,760,1016,home_1,Gerald Green
2013,18,28,32,0,49,222,378,646,206,406,614,754,1015,home_0,Alexey Shved
2013,13,20,37,328,426,615,691,0,62,122,287,848,864,home_4,Ronny Turiaf
2013,30,23,21,221,661,920,951,0,141,409,459,823,992,home_4,Tony Parker
2013,28,14,37,331,0,704,876,1000,310,499,598,788,922,home_1,Luke Babbitt
2013,32,20,0,35,0,522,608,860,17,62,330,379,843,home_1,DeMar DeRozan
2013,10,6,5,51,0,385,597,918,130,284,612,873,978,home_1,David Lee
2013,0,24,44,14,474,0,607,638,576,582,863,888,945,home_2,Josh Smith
2013,30,24,31,0,221,920,951,962,576,582,863,888,945,home_0,Boris Diaw
2013,30,10,33,105,357,920,950,0,136,240,299,385,452,home_4,Tony Parker
2014,34,15,10,0,172,517,665,973,312,663,717,722,959,home_0,Al Harrington
2014,30,7,5,221,0,950,951,962,248,286,534,734,902,home_1,Kawhi Leonard
2014,27,0,17,368,402,0,683,901,252,325,638,724,906,home_2,Marcus Morris
2014,12,23,31,245,359,616,0,856,34,141,409,823,992,home_3,Paul George
2014,29,2,10,250,0,674,786,970,18,37,264,690,792,home_1,Isaiah Thomas
2014,26,18,12,112,217,324,0,430,26,222,585,835,837,home_3,Elliot Williams
2014,24,15,0,576,0,826,888,945,192,663,749,940,1033,home_1,Kevin Durant
2014,4,9,19,0,498,595,686,718,41,113,375,580,610,home_0,Carlos Boozer
2014,33,4,43,268,370,689,831,0,139,498,595,718,963,home_4,Trey Burke
2014,4,23,34,139,197,0,718,935,141,397,777,953,992,home_2,Jimmy Butler
2014,12,17,10,0,245,343,395,790,363,468,513,762,811,home_0,C.J. Watson
2014,22,8,36,62,82,330,378,0,234,406,813,982,1024,home_4,Tyreke Evans
2014,16,28,0,160,376,627,0,958,206,295,754,843,1015,home_3,Ray Allen
2014,9,1,8,41,113,544,0,846,111,165,472,495,572,home_3,Kyle Singler
2014,30,33,0,221,566,950,0,962,268,327,370,831,975,home_3,Tim Duncan
2014,2,32,23,18,0,583,792,900,35,379,516,522,608,home_1,Joe Johnson
2014,22,30,33,17,62,64,82,0,190,221,950,951,962,home_4,Eric Gordon
2014,11,1,22,150,433,767,782,0,111,192,450,472,527,home_4,Terrence Jones
2014,30,3,29,105,0,661,787,951,15,361,541,574,709,home_1,Kawhi Leonard
2014,16,9,25,160,435,627,0,895,41,113,375,544,580,home_3,Mario Chalmers
2014,9,26,15,113,0,539,610,1018,324,343,430,915,946,home_1,Greg Monroe
2014,9,23,42,41,375,0,846,1018,34,141,409,823,992,home_2,Josh Smith
2014,15,24,39,434,520,717,0,1033,263,481,582,750,826,home_3,Mike Miller
2014,12,25,0,245,359,616,0,856,79,365,758,957,1001,home_3,Paul George
2014,2,22,18,0,49,463,690,731,17,62,122,330,643,home_0,Alan Anderson
2014,12,10,43,245,359,0,790,856,299,385,486,597,918,home_2,Lance Stephenson
2014,13,0,38,220,235,0,389,1022,144,260,325,724,906,home_2,Glen Davis
2014,13,11,38,0,169,426,447,691,2,150,304,348,767,home_0,Byron Mullens
2014,34,6,5,109,517,589,0,688,52,130,310,612,978,home_3,Marcin Gortat
2014,22,14,23,62,0,462,545,988,166,499,753,788,922,home_1,Eric Gordon
2014,34,30,7,109,517,665,0,973,105,221,666,951,962,home_3,Nene Hilario
2014,34,24,44,0,517,665,688,747,481,795,826,926,945,home_0,Bradley Beal
2014,0,15,19,252,381,607,0,791,312,434,599,722,749,home_3,Lou Williams
2014,9,12,12,41,544,0,846,1018,289,642,790,856,910,home_2,Kyle Singler
2014,22,0,0,17,27,0,122,330,252,381,474,607,791,home_2,Anthony Davis
2014,8,6,43,0,741,813,982,1024,36,130,612,650,978,home_0,J.J. Hickson
2014,34,4,20,0,517,665,747,973,197,497,498,935,963,home_0,Bradley Beal
2014,4,15,37,197,497,498,0,963,599,717,722,959,1033,home_3,Taj Gibson
2014,30,24,47,190,661,0,951,962,263,481,582,826,888,home_2,Marco Belinelli
2014,32,6,33,516,522,0,786,943,452,612,650,915,978,home_2,Kyle Lowry
2014,22,30,0,0,62,122,330,462,469,566,661,951,962,home_0,Al-Farouq Aminu
2014,14,2,25,0,575,579,788,1014,49,264,504,690,792,home_0,Jodie Meeks
2014,13,14,13,235,0,407,447,1022,499,579,753,841,1014,home_1,Glen Davis
2014,13,3,0,0,169,246,426,447,15,68,361,541,574,home_0,Blake Griffin
2014,7,18,41,248,352,734,902,0,222,586,639,757,835,home_4,Vince Carter
2014,13,11,45,129,235,426,0,867,290,377,482,853,942,home_3,Reggie Bullock
2014,32,12,44,35,0,522,608,943,245,359,616,790,856,home_1,DeMar DeRozan
2014,2,4,32,37,49,0,504,792,139,497,498,595,718,home_2,Deron Williams
2014,2,32,46,0,264,504,792,900,35,249,608,943,984,home_0,Andray Blatche
2014,12,9,24,359,0,616,642,790,375,521,544,610,1018,home_1,George Hill
2014,11,18,22,0,433,482,766,942,185,371,585,586,835,home_0,Chandler Parsons
2014,34,6,0,109,517,0,688,747,52,130,310,612,978,home_2,Marcin Gortat
2014,22,27,36,62,64,122,0,988,360,402,672,683,776,home_3,Greg Stiemsma
2014,11,13,30,150,0,482,766,942,169,235,246,426,691,home_1,James Harden
2014,26,24,45,343,430,0,915,946,582,750,826,888,945,home_2,Michael Carter-Williams
2014,10,27,17,0,299,385,597,918,24,368,402,672,683,home_0,David Lee
2014,6,8,38,36,60,0,310,452,44,234,342,406,741,home_2,C.J. Miles
2014,22,8,0,17,62,64,545,0,406,529,956,982,1024,home_4,Tyreke Evans
2014,27,30,0,151,360,368,0,776,105,190,221,666,951,home_3,Miles Plumlee
2014,6,34,25,452,612,650,978,0,109,517,665,747,973,home_4,Tyler Zeller
2014,26,8,23,343,0,915,946,964,44,66,741,813,1024,home_1,Hollis Thompson
2014,8,6,34,342,803,0,982,1024,284,452,650,978,987,home_2,Timofey Mozgov
2014,30,12,16,105,0,469,666,787,131,395,616,642,769,home_1,Danny Green
2014,26,17,0,217,0,430,706,915,142,338,646,762,1034,home_1,Evan Turner
2014,18,6,33,185,222,585,0,837,36,60,452,612,696,home_3,Ricky Rubio
2014,8,27,44,0,406,577,813,1024,360,368,672,683,776,home_0,Evan Fournier
2014,30,3,18,566,0,666,787,951,68,95,361,541,646,home_1,Manu Ginobili
2014,15,8,40,312,0,495,717,722,406,529,813,982,1024,home_1,James Johnson
2014,2,30,21,264,504,583,0,900,190,221,666,897,950,home_3,Paul Pierce
2014,13,15,19,97,169,0,407,447,495,663,804,940,1033,home_2,DeAndre Jordan
2014,13,26,25,0,169,246,426,691,343,430,706,915,946,home_0,Blake Griffin
2014,30,24,8,0,566,661,951,962,576,582,826,888,945,home_0,Boris Diaw
2014,9,13,43,0,544,580,610,846,246,389,407,426,447,home_0,Andre Drummond
2014,27,8,13,24,402,0,672,683,342,577,741,803,956,home_2,Leandro Barbosa
2014,18,33,45,222,585,0,835,837,21,268,370,480,975,home_2,Kevin Martin
2014,33,27,39,21,280,327,0,480,74,285,360,402,683,home_3,Gordon Hayward
2014,13,2,41,97,169,0,426,691,18,37,504,690,900,home_2,DeAndre Jordan
2014,4,27,15,197,497,744,935,0,360,402,672,683,729,home_4,Tony Snell
2014,17,11,44,114,513,593,742,0,150,304,433,482,942,home_4,Zaza Pachulia
2014,30,23,7,105,566,661,951,0,34,91,141,397,992,home_4,Tony Parker
2014,23,26,38,34,0,409,777,953,324,393,430,455,964,home_1,Carmelo Anthony
2014,15,27,39,312,495,520,0,940,285,328,368,672,683,home_3,Mike Conley
2014,25,23,11,0,365,699,957,1001,34,91,141,409,953,home_0,Arron Afflalo
2014,24,29,33,582,750,0,926,945,88,250,270,401,464,home_2,Russell Westbrook
2014,4,26,13,197,497,718,0,935,129,225,324,390,438,home_3,Nazr Mohammed
2014,12,17,20,343,359,616,642,0,114,338,363,513,811,home_4,Roy Hibbert
2014,6,4,17,284,0,452,650,987,497,498,721,935,963,home_1,Earl Clark
2014,15,8,0,599,717,940,959,0,406,529,956,982,1024,home_4,Zach Randolph
2014,4,26,37,197,497,498,935,0,278,324,393,624,706,home_4,Tony Snell
2014,30,16,36,0,221,661,787,950,158,306,705,761,821,home_0,Boris Diaw
2014,9,30,9,113,375,544,610,0,105,190,469,666,962,home_4,Rodney Stuckey
2014,22,10,19,17,0,462,545,864,240,385,486,597,918,home_1,Eric Gordon
2014,9,0,10,41,113,0,610,846,144,381,474,514,724,home_2,Josh Smith
2014,0,23,19,14,252,474,607,0,47,141,397,409,823,home_4,Paul Millsap
2014,33,18,40,21,0,370,689,975,185,222,371,405,639,home_1,Enes Kanter
2014,7,22,26,286,534,734,0,902,17,122,330,378,988,home_3,Samuel Dalembert
2014,9,6,16,41,521,0,846,1018,130,284,310,390,696,home_2,Kyle Singler
2014,12,25,32,245,359,395,0,790,307,429,460,609,1001,home_3,Orlando Johnson
2014,18,10,0,185,0,586,757,835,43,51,240,597,918,home_1,Kevin Love
2014,8,22,5,406,577,813,0,1024,227,330,462,545,864,home_3,Ty Lawson
2015,15,18,13,520,0,717,959,1003,60,155,371,733,892,home_1,Marc Gasol
2015,1,9,0,83,450,0,810,987,41,113,544,580,610,home_2,Jeff Green
2015,12,4,0,0,359,846,856,910,269,497,498,718,788,home_0,David West
2015,11,32,40,185,290,463,0,973,249,379,434,608,943,home_3,Terrence Jones
2015,24,18,33,284,0,863,888,926,55,60,371,733,946,home_1,Perry Jones
2015,24,13,42,0,197,327,863,888,169,246,407,691,915,home_0,Anthony Morrow
2015,29,27,13,88,136,270,822,0,110,360,401,672,776,home_4,Reggie Evans
2015,24,26,33,197,284,732,750,0,400,478,639,748,949,home_4,Russell Westbrook
2015,26,0,13,390,393,411,0,964,14,579,607,723,906,home_3,Jerami Grant
2015,2,27,6,18,0,452,504,690,24,114,360,672,683,home_1,Brook Lopez
2015,1,30,21,0,343,472,810,987,105,221,566,951,962,home_0,Brandon Bass
2015,29,13,35,88,0,803,822,825,82,97,407,426,915,home_1,Derrick Williams
2015,32,23,0,35,434,522,0,943,141,184,534,801,953,home_3,Kyle Lowry
2015,8,22,34,79,413,577,0,1024,82,475,545,643,864,home_3,Ty Lawson
2015,0,24,36,0,260,607,794,945,64,284,576,582,826,home_0,Al Horford
2015,25,30,28,0,321,758,957,1001,221,566,950,951,962,home_0,Andrew Nicholson
2015,28,12,37,29,166,0,922,1015,130,131,210,395,642,home_2,Joel Freeland
2015,24,18,13,64,284,0,750,826,60,155,757,946,1032,home_2,Kendrick Perkins
2015,23,26,45,47,0,617,619,896,350,393,402,748,838,home_1,Jason Smith
2015,30,34,32,105,221,666,787,0,109,517,602,665,792,home_4,Tim Duncan
2015,25,15,21,151,277,0,758,1001,91,192,663,959,1033,home_2,Elfrid Payton
2015,6,14,21,409,585,612,0,956,526,841,937,1012,1014,home_3,LeBron James
2015,1,15,46,83,111,0,673,987,472,663,717,959,1033,home_2,Jae Crowder
2015,23,27,21,141,534,0,874,953,24,328,360,368,776,home_2,Pablo Prigioni
2015,4,26,44,269,497,0,935,963,393,411,461,478,838,home_2,Pau Gasol
2015,23,1,12,0,617,801,896,953,111,419,443,673,987,home_0,Jason Smith
2015,1,16,6,83,111,401,419,0,391,650,678,986,993,home_4,Kelly Olynyk
2015,12,4,10,131,395,642,0,910,307,595,718,756,788,home_3,Rodney Stuckey
2015,32,23,46,35,379,638,0,943,462,534,896,953,971,home_3,Patrick Patterson
2015,0,12,8,0,474,579,791,794,130,642,846,856,910,home_0,DeMarre Carroll
2015,0,5,25,14,252,474,0,791,15,183,361,574,616,home_3,Kyle Korver
2015,10,16,9,0,299,597,687,918,158,220,650,678,893,home_0,Andre Iguodala
2015,5,16,9,0,122,616,689,709,220,678,893,903,993,home_0,Al Jefferson
2015,1,26,6,83,111,0,673,987,393,402,461,639,748,home_2,Evan Turner
2015,6,9,30,409,627,696,956,0,41,142,375,580,826,home_4,Tristan Thompson
2015,15,13,14,520,599,0,804,1003,365,389,426,528,915,home_2,Mike Conley
2015,29,17,18,235,250,0,811,860,114,363,495,575,1034,home_2,Jason Thompson
2015,28,24,41,0,206,295,614,754,197,284,610,863,888,home_0,Arron Afflalo
2015,4,17,43,2,0,595,788,935,447,495,575,762,1034,home_1,Jimmy Butler
2015,4,11,31,269,497,498,0,788,304,433,544,782,973,home_3,Nikola Mirotic
2015,25,5,42,321,342,758,957,0,361,460,574,689,709,home_4,Victor Oladipo
2015,25,34,18,86,0,321,957,1022,44,589,747,773,819,home_1,Channing Frye
2015,12,11,45,130,0,245,359,856,290,433,544,777,973,home_1,C.J. Watson
2015,27,29,23,24,368,0,683,776,250,464,755,811,860,home_2,Marcus Morris
2015,22,4,34,0,804,864,958,988,2,497,788,935,963,home_0,Alexis Ajinca
2015,4,8,43,2,269,498,0,935,79,577,956,982,1024,home_3,Joakim Noah
2015,22,23,0,62,545,643,0,988,34,141,397,534,801,home_3,Omer Asik
2015,30,8,15,221,666,692,0,950,234,356,406,429,1016,home_3,Patty Mills
2015,15,9,39,91,192,599,0,1033,41,113,197,521,610,home_3,Vince Carter
2015,33,18,18,223,0,327,503,975,55,371,733,946,979,home_1,Derrick Favors
2015,18,0,42,55,586,0,835,946,252,260,325,474,791,home_2,Nikola Pekovic
2015,34,29,13,300,0,773,811,819,44,270,464,755,825,home_1,Kevin Seraphin
2015,8,23,12,234,0,406,429,1016,179,184,617,637,896,home_1,Gary Harris
2015,17,22,16,165,447,495,513,0,27,222,324,643,761,home_4,Tyler Ennis
2015,12,23,25,131,245,846,0,910,141,462,534,619,637,home_3,Roy Hibbert
2015,11,25,15,185,290,0,777,973,86,151,609,646,699,home_2,Josh Smith
2015,33,26,31,268,0,503,974,975,411,478,561,706,748,home_1,Gordon Hayward
2015,34,24,34,517,602,0,792,819,64,284,576,750,863,home_2,Marcin Gortat
2015,34,30,32,517,602,665,792,0,190,221,661,950,951,home_4,Rasual Butler
2015,10,14,38,43,0,385,628,900,312,482,526,854,1012,home_1,Draymond Green
2015,29,8,13,136,250,0,755,822,31,234,356,406,741,home_2,Derrick Williams
2015,32,23,36,379,638,786,943,0,141,184,896,953,971,home_4,Tyler Hansbrough
2015,23,5,8,462,534,801,0,971,95,361,574,689,709,home_3,Tim Hardaway
2015,26,33,46,393,400,0,639,748,268,370,845,861,975,home_2,Ish Smith
2015,26,10,41,411,639,0,838,952,43,240,628,687,900,home_2,Nerlens Noel
2015,29,18,13,0,270,464,755,860,155,554,586,636,837,home_0,Andre Miller
2015,34,6,47,109,517,589,0,792,284,585,612,627,978,home_3,Nene Hilario
2015,17,25,0,338,363,0,706,1034,278,321,758,957,1001,home_2,Khris Middleton
2015,2,16,8,103,264,491,0,690,158,160,220,432,761,home_3,Joe Johnson
2015,34,0,34,0,300,517,665,773,474,724,794,906,945,home_0,Bradley Beal
2015,25,4,44,151,321,758,957,0,269,497,498,788,963,home_4,Victor Oladipo
2015,9,24,46,0,113,544,580,610,582,826,863,888,926,home_0,Andre Drummond
2015,11,29,37,290,348,463,0,973,136,464,755,767,822,home_3,Kostas Papanikolaou
2015,5,29,10,95,460,574,0,733,44,270,464,767,860,home_3,Michael Kidd-Gilchrist
2015,32,10,37,249,379,522,0,943,240,556,628,687,900,home_3,Patrick Patterson
2015,5,16,7,15,574,616,0,775,306,554,650,761,903,home_3,Marvin Williams
2015,7,13,10,0,154,276,405,831,82,169,246,426,691,home_0,Chandler Parsons
2015,23,17,0,184,409,534,801,0,114,363,518,593,1034,home_4,Tim Hardaway
2015,28,33,36,29,206,507,0,922,128,165,323,861,974,home_3,Nicolas Batum
2015,1,8,20,83,343,0,450,673,79,218,234,336,559,home_2,James Young
2015,15,11,33,91,192,520,663,0,290,304,433,463,973,home_4,Zach Randolph
2015,10,7,44,43,51,299,0,918,150,276,286,734,992,home_3,Klay Thompson
2015,14,32,43,139,0,530,598,753,522,608,638,786,943,home_1,Jeremy Lin
2015,14,7,21,526,0,937,1012,1014,17,150,734,810,992,home_1,Jordan Hill
2015,17,0,22,114,363,0,762,1034,14,252,474,607,791,home_2,Khris Middleton
2015,22,10,37,0,222,475,516,545,43,299,385,597,900,home_0,Austin Rivers
2015,0,32,40,14,252,474,607,0,177,379,434,638,786,home_4,Paul Millsap
2015,6,9,45,397,0,576,696,722,41,499,580,826,903,home_1,Jason Maxiell
2015,16,27,40,158,0,678,705,986,114,360,672,776,934,home_1,Dwyane Wade
2015,0,7,35,0,260,579,607,794,17,154,276,286,734,home_0,Al Horford
2015,10,27,17,51,299,385,597,0,110,360,368,401,672,home_4,Stephen Curry
2015,15,8,20,472,663,749,0,1033,429,559,577,982,1024,home_3,Tony Allen
2015,0,34,36,14,252,260,0,794,354,517,602,665,773,home_3,Kent Bazemore
2015,30,4,35,78,566,661,787,0,307,595,718,744,788,home_4,Tim Duncan
2015,15,8,28,91,192,472,0,1033,79,413,577,982,1024,home_3,Marc Gasol
2015,10,29,35,43,240,0,597,900,88,270,464,767,822,home_2,Harrison Barnes
2015,8,9,8,79,218,559,577,0,41,113,142,544,580,home_4,Ty Lawson
2015,11,9,29,433,509,0,942,973,41,375,580,826,940,home_2,Patrick Beverley
2015,8,15,18,79,559,577,741,0,451,599,749,940,1003,home_4,Wilson Chandler
2015,7,27,43,154,734,810,831,0,110,328,360,672,776,home_4,Tyson Chandler
2016,25,9,47,3,0,342,758,1001,78,580,824,826,957,home_1,Elfrid Payton
2016,26,6,46,994,393,478,994,0,435,446,502,696,978,home_4,Tony Wroten
2016,30,15,19,586,606,614,951,0,158,412,528,616,994,home_4,Tony Parker
2016,9,5,19,0,580,826,994,957,183,192,482,574,689,home_0,Andre Drummond
2016,28,18,32,17,0,206,312,704,55,371,994,835,892,home_1,Arron Afflalo
2016,24,18,46,64,0,863,888,926,55,371,994,835,1032,home_1,Reggie Jackson
2016,27,25,33,24,114,0,731,854,3,54,994,893,1001,home_2,Eric Bledsoe
2016,2,5,37,103,994,682,896,0,15,994,481,482,574,home_4,Shaun Livingston
2016,18,27,14,377,994,0,940,994,994,155,994,520,854,home_2,Quincy Pondexter
2016,26,28,25,400,402,411,994,0,17,133,206,690,759,home_4,Willie Green
2016,22,13,13,31,62,545,0,864,82,184,426,777,1014,home_3,Luke Babbitt
2016,34,28,13,109,357,447,0,811,29,133,312,361,704,home_3,Marcin Gortat
2016,27,14,0,114,328,520,0,992,994,526,994,703,856,home_3,Nikola Vucevic
2016,10,27,32,43,51,299,0,918,24,994,731,854,934,home_3,Klay Thompson
2016,12,17,46,0,359,734,790,910,363,495,593,706,762,home_0,David West
2016,30,24,42,221,245,566,0,787,46,327,582,863,888,home_3,Matt Bonner
2016,7,18,19,0,264,405,1015,1034,994,586,994,835,892,home_0,Beno Udrih
2016,10,2,46,43,0,299,900,918,103,125,452,504,946,home_1,Andrew Bogut
2016,12,22,0,359,0,734,994,790,27,31,222,766,958,home_1,Jordan Hill
2016,30,2,37,0,221,566,787,951,47,125,452,504,994,home_0,Boris Diaw
2016,34,11,36,0,248,354,357,811,304,433,463,782,982,home_0,Bradley Beal
2016,29,34,40,88,235,0,767,994,109,354,447,517,665,home_2,DeMarcus Cousins
2016,33,8,42,268,370,0,845,974,218,356,429,511,577,home_2,Joe Ingles
2016,28,15,32,17,29,0,312,699,192,472,663,691,717,home_2,Damian Lillard
2016,32,18,7,249,0,608,786,943,371,994,835,892,1032,home_1,Jonas Valanciunas
2016,10,24,36,43,51,385,0,918,64,994,327,582,610,home_3,Klay Thompson
2016,4,30,15,269,298,0,935,963,105,245,606,661,787,home_2,Jimmy Butler
2016,13,28,15,82,426,0,616,792,17,29,133,690,699,home_2,Jamal Crawford
2016,2,14,11,47,103,0,949,1012,994,638,703,753,937,home_2,Jarrett Jack
2016,13,10,25,169,246,407,639,0,116,299,385,597,918,home_4,Spencer Hawes
2016,18,27,7,55,994,994,0,892,114,994,683,934,992,home_3,Steve Blake
2016,25,15,25,3,278,0,342,1001,158,528,691,959,1033,home_2,Elfrid Payton
2016,16,6,38,0,368,388,994,994,435,994,696,831,956,home_0,Dwyane Wade
2016,2,5,42,103,125,504,0,946,15,192,482,689,754,home_3,Mason Plumlee
2016,7,26,20,150,264,0,1015,1034,400,402,994,478,755,home_2,Monta Ellis
2016,24,14,33,0,582,750,863,926,994,526,994,753,856,home_0,Jeremy Lamb
2016,14,11,35,111,994,0,598,868,181,185,674,994,982,home_2,Jordan Hill
2016,32,12,4,190,434,464,0,994,359,624,734,994,790,home_3,Patrick Patterson
2016,27,32,25,74,994,683,0,992,249,522,608,642,994,home_3,P.J. Tucker
2016,14,24,39,0,111,994,638,994,64,994,284,327,750,home_0,A.J. Price
2016,6,30,41,397,612,696,831,0,221,994,606,614,787,home_4,Tristan Thompson
2016,28,24,8,29,0,361,690,699,994,284,327,610,813,home_1,Eric Bledsoe
2016,23,26,33,141,0,534,994,877,393,400,402,478,748,home_1,Jason Smith
2016,22,8,21,222,432,0,952,958,197,234,356,994,1016,home_2,Jason Smith
2016,26,12,18,0,400,402,478,838,130,994,846,910,982,home_0,Furkan Aldemir
2016,18,29,23,55,371,994,0,1032,235,599,810,860,994,home_3,Thaddeus Young
2016,17,4,13,0,415,513,762,994,994,298,498,595,963,home_0,Dwyane Wade
2016,24,27,0,46,0,863,888,926,114,328,683,776,992,home_1,Kevin Durant
2016,16,4,31,34,368,0,994,994,994,269,298,788,963,home_2,Pablo Prigioni
2016,11,0,0,181,0,433,782,973,14,474,579,607,791,home_1,Dwight Howard
2016,33,13,34,0,370,994,845,994,132,184,472,639,777,home_0,Derrick Favors
2016,28,16,20,17,206,0,690,699,368,388,994,994,650,home_2,LaMarcus Aldridge
2016,23,11,21,0,534,994,617,843,181,433,463,942,973,home_0,Andrea Bargnani
2016,16,22,33,0,360,368,994,650,62,330,545,761,864,home_0,Dwyane Wade
2016,12,32,20,130,359,0,734,790,95,249,434,608,994,home_2,Ian Mahinmi
2016,4,27,16,269,307,498,0,963,114,994,520,731,934,home_3,Mike Dunleavy
2016,6,0,18,446,585,627,831,0,474,994,723,791,945,home_4,Tristan Thompson
2016,6,2,18,0,585,612,627,978,994,289,682,881,949,home_0,J.R. Smith
2016,12,15,19,0,395,530,790,846,192,663,717,959,1033,home_0,David West
2016,0,23,7,474,579,791,945,0,79,141,617,619,843,home_4,Thabo Sefolosha
2016,1,32,17,83,521,673,994,0,95,249,994,464,943,home_4,Tyler Zeller
2016,23,27,8,79,0,994,619,843,994,731,776,912,992,home_1,Kevin Durant
2016,32,33,26,0,434,522,608,642,268,370,503,906,974,home_0,DeMar DeRozan
2016,32,16,9,249,522,608,786,0,160,360,994,994,986,home_4,Terrence Ross
2016,32,22,22,190,0,252,522,642,31,330,402,766,864,home_1,DeMar DeRozan
2016,2,6,13,47,0,889,896,994,397,435,612,831,978,home_1,Joe Johnson
2016,0,14,20,474,0,724,791,945,994,526,994,598,856,home_1,Kyle Korver
2016,27,18,13,994,328,0,934,992,371,994,892,940,1032,home_2,Markieff Morris
2016,14,8,11,0,994,994,638,994,197,411,511,559,1016,home_0,Ed Davis
2016,23,27,16,79,141,994,0,619,520,994,683,731,934,home_3,Serge Ibaka
2016,34,8,32,109,354,447,0,665,218,994,356,577,994,home_3,Marcin Gortat
2016,28,7,47,0,133,206,312,704,154,264,286,823,1015,home_0,Allen Crabbe
2016,26,2,44,136,0,400,402,748,125,289,881,946,1012,home_1,Isaiah Canaan
2016,15,8,45,472,678,0,959,1033,218,234,356,429,559,home_2,Mike Conley
2016,12,23,46,359,395,846,0,982,179,994,589,619,637,home_3,Roy Hibbert
2016,13,14,6,169,246,407,0,1014,994,994,598,994,937,home_3,Jordan Hamilton
2016,13,10,13,82,246,426,544,0,43,116,299,346,918,home_4,Matt Barnes
2016,16,8,20,306,541,0,994,650,197,234,356,411,577,home_2,Luol Deng
2016,34,12,24,0,354,357,517,665,130,359,530,734,790,home_0,Bradley Beal
2016,6,30,22,409,585,627,696,0,105,245,566,661,962,home_4,Tristan Thompson
2016,34,16,7,354,517,994,665,0,160,388,994,994,986,home_4,Otto Porter
2016,16,32,19,0,360,368,388,650,95,249,608,642,943,home_0,Chris Andersen
2016,5,33,13,994,482,754,775,0,165,475,845,974,975,home_4,Taj Gibson
2016,11,26,6,304,0,782,942,973,411,478,994,838,994,home_1,James Harden
2016,28,29,9,17,29,0,312,704,430,599,666,810,994,home_2,Damian Lillard
2016,28,33,23,17,133,206,0,690,370,475,845,974,975,home_3,Joel Freeland
2016,25,13,20,3,321,342,0,1001,169,246,407,426,792,home_3,Nikola Vucevic
2016,4,32,22,994,269,298,0,963,190,249,522,642,943,home_3,Joakim Noah
2016,4,11,25,269,497,718,0,935,290,304,433,782,973,home_3,Pau Gasol
2016,16,9,9,91,0,388,994,650,78,338,672,826,994,home_1,Courtney Lee
2016,1,5,47,443,521,0,994,987,15,192,482,574,689,home_2,Kelly Olynyk
2016,6,4,12,397,0,612,733,978,994,269,298,497,756,home_1,Kevin Love
2016,5,27,11,15,0,481,482,574,74,994,520,731,797,home_1,Brian Roberts
2016,12,2,24,130,395,0,790,846,103,125,452,504,946,home_2,Luis Scola
2016,18,27,16,377,0,892,940,994,24,114,520,776,854,home_1,Mario Chalmers
2016,2,5,20,0,504,946,1012,994,15,192,574,689,754,home_0,Aaron Brooks
2016,32,5,21,249,252,0,608,642,994,481,574,689,754,home_2,Jonas Valanciunas
2016,7,9,13,240,0,286,405,823,78,580,824,922,957,home_1,Devin Harris
2016,22,25,24,62,330,0,545,864,131,342,462,758,1001,home_2,Jason Smith
2016,2,23,20,125,289,504,946,0,79,141,534,994,843,home_4,Thaddeus Young
